cve,repo,commit list,Merge,Mirror,Better Solution,Fixing-of-Fixing,Collaboration,Separation
CVE-2009-3555,eclipse_jetty.project,"102625b
b90ad09
b4390f9",,,,{'b90ad09443e1771e37d23e393afe842759c20454': ['b4390f98529fce165e6394b94122b427fdfb8a5e']},,"['102625b86c8e82e0e3d02a71028ba62795aff52b', 'b90ad09443e1771e37d23e393afe842759c20454']"
CVE-2010-4172,apache_tomcat,"afd4b3b
2f0f80a",,{'afd4b3b3904593530c338e449b49198199694f4c': ['2f0f80a6c36d6875c64f8c857e2e26661a3865d4']},,,,
CVE-2010-4535,django_django,"6819be1
d5d8942
7f8dd9c",,"{'6819be1ea17ace34ae3a5c31ab0be960e99fcb85': ['d5d8942a160685c403d381a279e72e09de5489a9', '7f8dd9cbac074389af8d8fd235bf2cb657227b9a']}",,,,
CVE-2011-0013,apache_tomcat,"c8a9a43
1930114",,"{""c8a9a43183e061f09eb5cf7cd5443cecd8699462"": [""1930114c4122f2b6f45d6b92e7790288b17e2ad2""]}",,,,
CVE-2011-0469,openSUSE_open-build-service,"76b0ab0
23c8d21",,,,,,"['76b0ab003f34435ca90d943e02dd22279cdeec2a', '23c8d21c75242999e29379e6ca8418a14c8725c6']"
CVE-2011-2204,apache_tomcat,"763a56b
0ecc464",,{'763a56b45999653ce648a18462b8a826809215b1': ['0ecc4643938de4ed889e85952b30bf76ac92732c']},,,,
CVE-2011-2929,rails_rails,"5f94b93
e0c03f8
09ad48f",,"{'5f94b93279f6d0682fafb237c301302c107a9552': ['e0c03f8a2e727619c1eb1822d100d8c920d8bf12', '09ad48f22e0b32b6485bc122f7f220045aed1198']}",,,,
CVE-2011-3188,torvalds_linux,"bc0b96b
6e5714e",,,,,"{""bc0b96b54a21246e377122d54569eef71cec535f"": [""6e5714eaf77d79ae1c8b47e3e040ff5411b717ec""]}",
CVE-2012-1188,forkcms_forkcms,"9952201
1269fe8",,,,,,"['995220182068518e89019a265d113518f6566407', '1269fe8b3813c7b7d5552a2b88bc2e7bd4d0c1f9']"
CVE-2012-2098,apache_commons-compress,"8f70246
fdd7459
0600296",,,{'fdd7459bc5470e90024dbe762249166481cce769': ['0600296ab8f8a0bbdfedd483f51b38005eb8e34e']},{'fdd7459bc5470e90024dbe762249166481cce769': ['8f702469cbf4c451b6dea349290bc4af0f6f76c7']},,
CVE-2012-2140,mikel_mail,"ac56f03
39b590d",,,,,{'ac56f03bdfc30b379aeecd4ff317d08fdaa328c2': ['39b590ddb08f90ddbe445837359a2c8843e533d0']},
CVE-2012-4393,owncloud_core,"38271de
93579d8",,,,,,"['38271ded753bc9ea9943cef3c2706f8d71f3a58f', '93579d88dcea389205c01ddf6da41f37ad9b8745']"
CVE-2012-5164,forkcms_forkcms,"641e27b
03e8f5b",{'03e8f5b53f193a87116b3875eec39769d5c07114': ['641e27bf1e9a7e320d6856399a7c274934bb351e']},,,,,
CVE-2012-5625,openstack_nova,"a99a802
9d2ea97",,{'9d2ea970422591f8cdc394001be9a2deca499a5f': ['a99a802e008eed18e39fc1d98170edc495cbd354']},,,,
CVE-2012-6546,torvalds_linux,"3c0c5cf
e862f1a",,,,,,"[""3c0c5cfdcd4d69ffc4b9c0907cec99039f30a50a"", ""e862f1a9b7df4e8196ebec45ac62295138aa3fc2""]"
CVE-2013-2145,audreyt_module-signature,"cbd06b3
575f7bd",,,,"{    ""575f7bd6ba4cc7c92f841e8758f88a131674ebf2"": [""cbd06b392a73c63159dc5c20ff5b3c8fc88c4896""]  }",,
CVE-2013-5029,phpmyadmin_phpmyadmin,"24d0eb5
da4042f
240b833",,,,{'24d0eb55203b029f250c77d63f2900ffbe099e8b': ['da4042fb6c4365dc8187765c3bf525043687c66f']},{'240b8332db53dedc27baeec5306dabad3bdece3b': ['24d0eb55203b029f250c77d63f2900ffbe099e8b']},
CVE-2013-4590,apache_tomcat,"05c84ff
78dd7e6",,{'05c84ff': ['78dd7e6f3d8481bc3bcd71ca5b20296de1283888']},,,,
CVE-2013-6430,spring-projects_spring-framework,"f5c9fe6
7a7df66",,{'f5c9fe69a444607af667911bd4c5074b5b073e7b': ['7a7df6637478607bef0277bf52a4e0a03e20a248']},,,,
CVE-2016-1000339,bcgit_bc-java,"8a73f08
413b42f",,,,,,"['8a73f08931450c17c749af067b6a8185abdfd2c0', '413b42f4d770456508585c830cfcde95f9b0e93b']"
CVE-2016-10050,ImageMagick_ImageMagick,"73fb0aa
139d432",,{'73fb0aac5b958521e1511e179ecc0ad49f70ebaf': ['139d4323c40d7363bfdd2382c3821a6f76d69430']},,,,
CVE-2016-10063,ImageMagick_ImageMagick,"2bb6941
94936ef",,{'2bb6941a2d557f26a2f2049ade466e118eeaab91': ['94936efda8aa63563211eda07a5ade92abb32f7a']},,,,
CVE-2016-10070,ImageMagick_ImageMagick,"b173a35
a6240a1",,{'b173a352397877775c51c9a0e9d59eb6ce24c455': ['a6240a163cb787909703d9fc649cf861f60ddd7c']},,,,
CVE-2016-10105,Piwigo_Piwigo,"9004fdf
8796e43",,{'9004fdfc0b4a11cb32e9e15a5f67e4ec827e82dc': ['8796e43aa344681d92a92e1f9b985409d4f36e31']},,,,
CVE-2016-2555,atutor_ATutor,"945a9dc
629b2c9",{'629b2c992447f7670a2fecc484abfad8c4c2d298': ['945a9dca01def8536516088da30fe6a4b7e9fa85']},,,,,
CVE-2016-4069,roundcube_roundcubemail,"699af1e
4a40884",,{'4a408843b0ef816daf70a472a02b78cd6073a4d5': ['699af1e5206ed9114322adaa3c25c1c969640a53']},,,,
CVE-2016-4437,apache_shiro,"64d9f83
4d5bb00",,{'64d9f8341e1aa7ef1a29744e16ea7c578ca5deee': ['4d5bb000a7f3c02d8960b32e694a565c95976848']},,,,
CVE-2016-5018,apache_tomcat80,"3adf2d6
1195015",,,,,,"['11950154730c3b2473580621df83356e09142e73', '3adf2d614bce0fb9587b0eb7a4a9fbb7ac8e6d82']"
CVE-2016-5355,wireshark_wireshark,"3270dfa
5efb452",,,,{'5efb45231671baa2db2011d8f67f9d6e72bc455b': ['3270dfac43da861c714df76513456b46765ff47f']},,
CVE-2016-5357,wireshark_wireshark,"11edc83
6a140ec",,,,{'6a140eca7b78b230f1f90a739a32257476513c78': ['11edc83b98a61e890d7bb01855389d40e984ea82']},,
CVE-2016-5731,phpmyadmin_phpmyadmin,"418aeea
94cf386",,,{'94cf3864254ffaf3a69e97d8fc454888368b94ab': ['418aeea3d83b0b6021bac311d849570acfc6e48c']},,,{'94cf3864254ffaf3a69e97d8fc454888368b94ab': ['418aeea3d83b0b6021bac311d849570acfc6e48c']}
CVE-2016-5734,phpmyadmin_phpmyadmin,"1cc7466
4bcc606",,,,,,"['4bcc606225f15bac0b07780e74f667f6ac283da7', '1cc7466db3a05e95fe57a6702f41773e6829d54b']"
CVE-2016-5739,phpmyadmin_phpmyadmin,"2f49508
1e5716c",,,,{'1e5716cb96d46efc305381ae0da08e73fe340f05': ['2f4950828ec241e8cbdcf13090c2582a6fa620cb']},,
CVE-2016-6189,inverse-inc_sogo,"875a4ac
717f45f",,{'875a4aca3218340fd4d3141950c82c2ff45b343d': ['717f45f640a2866b76a8984139391fae64339225']},,,,
CVE-2016-6190,inverse-inc_sogo,"875a4ac
717f45f",,{'875a4aca3218340fd4d3141950c82c2ff45b343d': ['717f45f640a2866b76a8984139391fae64339225']},,,,
CVE-2016-7524,ImageMagick_ImageMagick,"97c9f43
f8c318d",,{'97c9f438a9b3454d085895f4d1f66389fd22a0fb': ['f8c318d462270b03e77f082e2a3a32867cacd3c6']},,,,
CVE-2016-7536,ImageMagick_ImageMagick,"478cce5
02dadf1",,{'478cce544fdf1de882d78381768458f397964453': ['02dadf116124cfba35d7ebd9ced3e5ad0be0f176']},,,,
CVE-2016-8629,keycloak_keycloak,"3d46b4c
a78cfa4",{'a78cfa4b2ca979a1981fb371cfdf2c7212f7b6e2': ['3d46b4c425d39b004566cc78164e1ffbe37d647c']},,,,,
CVE-2016-9128,revive-adserver_revive-adserver,"e17a7ec
a323fd6",,,,,,"['e17a7ec3412ded751cda50b82338de471d656d74', 'a323fd626627e8d42819fd5b7e2829196b5c54a3']"
CVE-2017-0899,rubygems_rubygems,"ef0aa61
1bcbc7f",,,,{'ef0aa611effb5f54d40c7fba6e8235eb43c5a491': ['1bcbc7fe637b03145401ec9c094066285934a7f1']},,
CVE-2017-1000069,bitly_oauth2_proxy,"4464655
55085d9",{'4464655276877f1951fddf238cdfeca3cbca83ef': ['55085d9697962668fd4e43e8e4644144fe83cd93']},,,,,
CVE-2017-1000501,eldy_awstats,"cf21984
06c0ab2",,,,"{    ""cf219843a74c951bf5986f3a7fffa3dcf99c3899"": [""06c0ab29c1e5059d9e0279c6b64d573d619e1651""]  }",,
CVE-2017-11449,ImageMagick_ImageMagick,"b007dd3
529ff26",,,,"{""b007dd3a048097d8f58949297f5b434612e1e1a3"": [""529ff26b68febb2ac03062c58452ea0b4c6edbc1""]}",,
CVE-2017-12190,torvalds_linux,"95d78c2
2b04e8f",,,,,,"['95d78c28b5a85bacbc29b8dba7c04babb9b0d467', '2b04e8f6bbb196cab4b232af0f8d48ff2c7a8058']"
CVE-2017-12196,undertow-io_undertow,"facb33a
8804170",,,,{'facb33a5cedaf4b7b96d3840a08210370a806870': ['8804170ce3186bdd83b486959399ec7ac0f59d0f']},,
CVE-2017-13142,ImageMagick_ImageMagick,"aa84944
46e3aab",,,,,,"['aa84944b405acebbeefe871d0f64969b9e9f31ac', '46e3aabbf8d59a1bdebdbb65acb9b9e0484577d3']"
CVE-2017-16546,ImageMagick_ImageMagick,"e04cf3e
2130bf6",,,,,,"['e04cf3e9524f50ca336253513d977224e083b816', '2130bf6f89ded32ef0c88a11694f107c52566c53']"
CVE-2017-17499,ImageMagick_ImageMagick,"dd96d67
8c35502",,,,,,"['dd96d671e4d5ae22c6894c302e8996c13f24c45a', '8c35502217c1879cb8257c617007282eee3fe1cc']"
CVE-2017-3730,openssl_openssl,"efbe126
b599ce3",,{'efbe126e3ebb9123ac9d058aa2bb044261342aaa': ['b599ce3b64b695cc7430f731a33e0f5bb83ae62c']},,,,
CVE-2017-3731,openssl_openssl,"00d9654
2198b3a",,{'00d965474b22b54e4275232bc71ee0c699c5cd21': ['2198b3a55de681e1f3c23edb0586afe13f438051']},,,,
CVE-2017-3735,openssl_openssl,"068b963
b231717",,{'068b963bb7afc57f5bdd723de0dd15e7795d5822': ['b23171744b01e473ebbfd6edad70c1c3825ffbcd']},,,,
CVE-2017-6200,sandstorm-io_sandstorm,"6e8572e
4ea8df7",,,,,,"[""6e8572ea8bb56d0216bb1b410e5040edc051b120"", ""4ea8df7403381d9b657b121b3c98d8081b27414d""]"
CVE-2017-6797,mantisbt_mantisbt,"c272c3f
a2d90ec",,,,,,"['c272c3f65da9677e505ff692b1f1e476b3afa56e', 'a2d90ecabf3bcf3aa22ed9dbbecfd3d37902956f']"
CVE-2017-7277,torvalds_linux,"8605330
4ef1b28",,,,,"{ ""8605330aac5a5785630aec8f64378a54891937cc"": [""4ef1b2869447411ad3ef91ad7d4891a83c1a509a""]    }",
CVE-2017-9226,kkos_oniguruma,"f015fbd
b4bf968",,,,,{'b4bf968ad52afe14e60a2dc8a95d3555c543353a': ['f015fbdd95f76438cd86366467bb2b39870dd7c6']},
CVE-2017-9313,webmin_webmin,"c2d4a90
a330e91",,,,,,"['c2d4a90639afb2403979aa91ba75cb332ae16d1b', 'a330e913ee099cb9c586ce1b9267647fc566c1ab']"
CVE-2017-9996,FFmpeg_FFmpeg,"e1b60aa
1e42736",,,,,,"['e1b60aad77c27ed5d4dfc11e5e6a05a38c70489d', '1e42736b95065c69a7481d0cf55247024f54b660']"
CVE-2018-1000130,rhuss_jolokia,"fd7b93d
1b360b8",,,,{'1b360b8889f0ed51165a8d1ac55dd8e0aa2dfd4': ['fd7b93da30c61a45bac10d8b311f1b79a74910f']},{'1b360b8889f0ed51165a8d1ac55dd8e0aa2dfd4': ['fd7b93da30c61a45bac10d8b311f1b79a74910f']},
CVE-2018-1000658,LimeSurvey_LimeSurvey,"91d1432
20fc85e",,,,,,"['20fc85edccc80e7e7f162613542792380c44446a', '91d143230eb357260a19c8424b3005deb49a47f7']"
CVE-2018-10897,rpm-software-management_yum-utils,"7554c01
6a8de06",,,{'6a8de061f8fdc885e74ebe8c94625bf53643b71c': ['7554c0133eb830a71dc01846037cc047d0acbc2c']},,,
CVE-2018-11762,apache_tika,"c0fb57d
a09d853",,{'c0fb57d9d20e8eb7cb77bce8742e4566a18f5db8': ['a09d853dbed712f644e274b497cce254f3189d57']},,,,
CVE-2018-15836,xelerance_Openswan,"0b460be
9eaa6c2",,,,,,"[""0b460be9e287fd335c8ce58129c67bf06065ef51"", ""9eaa6c2a823c1d2b58913506a15f9474bf857a3d""] "
CVE-2018-20140,zenphoto_zenphoto,"9db85fc
695fb61",,,,{'9db85fcf9cc97887b81f34f03dcb180fd74e57da': ['695fb61707e4286b64f6e446c189b449bd07d00a']},,
CVE-2018-21036,balderdashy_sails-hook-sockets,"ff02114
0533a48",,,,{'ff02114eaec090ee51db48435cc32d451662606e': ['0533a4864b1920fd8fbb5287bc0889193c5faf44']},,
CVE-2018-6596,anymail_django-anymail,"db586ed
c079983",,{'db586ede1fbb41dce21310ea28ae15a1cf1286c5': ['c07998304b4a31df4c61deddcb03d3607a04691b']},,,,
CVE-2019-10770,ratpack_ratpack,"c1d4357
a3cbb13",,{'c1d4357bbc4bceb24abb156fbb471257a0177eb6': ['a3cbb13be1527874528c3b99fc33517c0297b6d3']},,,,
CVE-2019-12109,miniupnp_miniupnp,"86030db
13585f1",,,,{'13585f15c7f7dc28bbbba1661efb280d530d114c': ['86030db849260dd8fb2ed975b9890aef1b62b692']},,
CVE-2019-12415,apache_poi,"2b8200f
780b078",,,,,,"['2b8200f7d701ea6ff9638f629f0bd81d2e48410c', '780b078c8504719e04c26a22c1bd846f8b521022']"
CVE-2019-12922,phpmyadmin_phpmyadmin,"427fbed
7d21d42",,,,,,"['427fbed55d3154d96ecfc1c7784d49eaa3c04161', '7d21d4223bdbe0306593309132b4263d7087d13b']"
CVE-2019-14652,awslabs_aws-js-s3-explorer,"7be671e
87efa7d","{""7be671e858601455d6969e445d21a911632d6c94"": [""87efa7d6885c4a9d8473ec5893adf8e4922a8a89""]}",,,,,
CVE-2019-14667,firefly-iii_firefly-iii,"427de05
15d4d18",,,,,,"[""427de0594d05a8222f55b2894311e648ba1be991"", ""15d4d185bbedf2bb9db4a8fa2ccf9fc359a06194""]"
CVE-2019-14763,torvalds_linux,"c91815b
072684e",,,,,,"[""c91815b596245fd7da349ecc43c8def670d2269e"", ""072684e8c58d17e853f8e8b9f6d9ce2e58d2b036""]"
CVE-2019-14857,zmartzone_mod_auth_openidc,"ce37080
5c15dfb",,,,{'5c15dfb08106c2451c2c44ce7ace6813c216ba75':['ce37080c6aea30aabae8b4a9b4eea7808445cc8e']},,
CVE-2019-17091,eclipse-ee4j_mojarra,"8f70f2b
a3fa957",{'8f70f2bd024f00ecd5b3dcca45df73edda29dcee': ['a3fa9573789ed5e867c43ea38374f4dbd5a8f81f']},,,,,
CVE-2019-17359,bcgit_bc-java,"b1bc752
33a8e4a",,,{'33a8e4aa07b21a8bcf5a582446664485f5f081b2': ['b1bc75254f5fea633a49a751a1a7339056f97856']},,,
CVE-2019-19317,sqlite_sqlite,"522ebfa
73bacb7",,,,,,"['522ebfa7cee96fb325a22ea3a2464a63485886a8', '73bacb7f93eab9f4bd5a65cbc4ae242acf63c9e3']"
CVE-2019-19905,NetHack_NetHack,"f001de7
f4a840a",,,,"{""f4a840a48f4bcf11757b3d859e9d53cc9d5ef226"": [""f001de79542b8c38b1f8e6d7eaefbbd28ab94b47""]}",,
CVE-2019-19927,torvalds_linux,"ac1e516
4533933
a66477b",,,,{'ac1e516d5a4c56bf0cb4a3dfc0672f689131cfd4': ['453393369dc9806d2455151e329c599684762428']},{'a66477b0efe511d98dde3e4aaeb189790e6f0a39': ['ac1e516d5a4c56bf0cb4a3dfc0672f689131cfd4']},
CVE-2019-20107,TestLinkOpenSourceTRMS_testlink-code,"d27690c
146b4f3
7647a7b
bcf7b97
942c406
e2d88c9",,,,,,"['d27690c6cb7708a6db0701b6428381d32d51495a', '146b4f38010a48c36b7d9650060ca354c92ab4ac', '7647a7b53ceab31524cfcfb3beb8435af0a30fc1', 'bcf7b971b5c88ea08d2dc47685f319be3b02cea8', '942c406fcee5d376235a264cb8a79300a0002d20', 'e2d88c9d7f8e02640ba65e5ff74b55d0399a53d0']"
CVE-2019-25050,OSGeo_gdal,"767e3a5
27b9bf6",,,,,,"['767e3a56144f676ca738ef8f700e0e56035bd05a', '27b9bf644bcf1208f7d6594bdd104cc8a8bb0646']"
CVE-2019-3553,facebook_fbthrift,"3f15620
c9a903e",,,,,,"['3f156207e8a6583d88999487e954320dc18955e6', 'c9a903e5902834e95bbd4ab0e9fa53ba0189f351']"
CVE-2019-3774,spring-projects_spring-batch,"8dc3bb7
c793018
a6d8ac1",,"{'8dc3bb7d3c3d0b1487e3ef3dcbdebda865d2b20e': ['c7930184ee4513d548940550c4eb5eeef028cb64', 'a6d8ac1b44afeca1bb572718ceacac774a368422']}",,,,
CVE-2019-3799,spring-cloud_spring-cloud-config,"3632fc6
9617f29
90e8a81
d3e2186","{'9617f2922ee2ae27f08676716224933f0d869719': ['3632fc6f64e567286c42c5a2f1b8142bfde505c2'], '90e8a81f6fa921e034cecb79cd100f343f7714af': ['3632fc6f64e567286c42c5a2f1b8142bfde505c2']}",{'3632fc6f64e567286c42c5a2f1b8142bfde505c2': ['d3e21866a5f192fa2582349cb3732ad0e4b8850b']},,,,
CVE-2019-3808,moodle_moodle,"cfde0b8
6360f87
9ca8ccb
3d27836",,"{'6360f87cdca744a6a71c315853f6d811a3e54e26': ['cfde0b8d38061f370a5c21523c2188aca5a7160d', '9ca8ccbefc3e1f56621c866f3af69bdb6cc98a15', '3d2783690da2281e5e360c40961cd6846e1dbbb8']}",,,,
CVE-2019-3847,moodle_moodle,"a37e26d
070f24d
e836242
93dda3b
ec3b63c",,"{'93dda3bfd3caaaa8d23fe8ede543f27ef774958d': ['070f24d006eab6b958eb083530de159b43c538ed', 'a37e26d2efe1ca0e4d8d69c611a748af35b33674'], 'e836242e1c04cd62d0afa4a790074fd245628e7a': ['ec3b63c772d6448765c68268234cf36c1a91bcac']}",,,,"['93dda3bfd3caaaa8d23fe8ede543f27ef774958d', 'e836242e1c04cd62d0afa4a790074fd245628e7a']"
CVE-2019-3888,undertow-io_undertow,"20cacc9
9bf05b7",{'9bf05b765e222dd106fee9b46314061b18b7275e': ['20cacc96c0594f4f4f9bb1cc2b93a77b6be3f74c']},,,,,
CVE-2019-5736,opencontainers_runc,"6635b4f
0a8e411",{'6635b4f0c6af3810594d2770f662f34ddc15b40d': ['0a8e4117e7f715d5fbeef398405813ce8e88558b']},,,,,
CVE-2019-7308,torvalds_linux,"d3bd741
979d63d",,,,{'979d63d50c0c0f7bc537bf821e056cc9fe5abd38': ['d3bd7413e0ca40b60cf60d4003246d067cafdeda']},,
CVE-2019-8331,twbs_bootstrap,"5efa9b5
ae35b82
7bc4d2e
e47107e
50b9795",,"{'7bc4d2e0bc65151b6f60dccad50c9c8f50252bd6': ['ae35b82818e96c3b33ff18279225583be2308971', 'e47107e9b9c2b62013cc4c0696e925fcb823f3f6', '50b979575ec4432245b25d60605d7e534eecc090', '5efa9b531d25927b907e3fa24b818608bc38a2f0'] }",,,,
CVE-2019-8903,totaljs_framework,"de16238
c37cafb
4d7abbc",,,,"{""de16238d13848149f5d1dae51f54e397a525932b"": [""4d7abbcdc34d6d1287338936f418c1eb1bc41201""]}",,"[""c37cafbf3e379a98db71c1125533d1e8d5b5aef7"", ""de16238d13848149f5d1dae51f54e397a525932b""]"
CVE-2019-8953,pfsense_FreeBSD-ports,"3b40366
2dded47",,{'3b40366aca55910b224ecf49d3fdacc9ad6c04f5': ['2dded47b3202dfdf89aa96f84bf701b3d5acbe6c']},,,,
CVE-2019-9658,checkstyle_checkstyle,"180b4fe
f796c50",,{'180b4fe37a2249d4489d584505f2b7b3ab162ec6': ['f796c5053b6f275db9a3907fa24207d233974e29']},,,,
CVE-2019-9718,FFmpeg_FFmpeg,"23ccf3c
1f00c97",,"{""1f00c97bc3475c477f3c468cf2d924d5761d0982"": [""23ccf3cabb4baf6e8af4b1af3fcc59c904736f21""]}",,,,
CVE-2019-9826,phpbb_phpbb,"3075d2f
fd195fb
da99108
56060ca","{""3075d2fecc9f5bb780bb478c0851a704c7f9b392"": [""fd195fba210c8625e968ef5553e61864747c8d44"", ""da9910850a168f73c6b8dd8407a01f47d27ca1d8"", ""56060caa4c44620929b6e17fe4622343750ad302""]}",,,,,"[""fd195fba210c8625e968ef5553e61864747c8d44"", ""da9910850a168f73c6b8dd8407a01f47d27ca1d8"", ""56060caa4c44620929b6e17fe4622343750ad302""]"
CVE-2020-10790,it-novum_openITCOCKPIT,"3838d98
6c9bb1d",,,,,,"['3838d98d35ececc7e83cf0f7cf785c9a7729cdbf', '6c9bb1d7cf5f24683e704cee8c84b8b6d850d8bf']"
CVE-2020-10878,perl_perl5,"0a320d7
3295b48",,,,,,"['0a320d753fe7fca03df259a4dfd8e641e51edaa8', '3295b48defa0f8570114877b063fe546dd348b3c']"
CVE-2020-11089,FreeRDP_FreeRDP,"6b485b1
795842f",,,,,,"['6b485b146a1b9d6ce72dfd7b5f36456c166e7a16', '795842f4096501fcefc1a7f535ccc8132feb31d7']"
CVE-2020-12607,AntonKueltz_fastecdsa,"4a16dae
7b64e3e
e592f10",,,,,,"['4a16daeaf139be20654ef58a9fe4c79dc030458c', '7b64e3efaa806b4daaf73bb5172af3581812f8de', 'e592f106edd5acf6dacedfab2ad16fe6c735c9d1']"
CVE-2020-12668,HubSpot_jinjava,"5dfa5b8
1b9aaa4",,,,,,"['5dfa5b87318744a4d020b66d5f7747acc36b213b', '1b9aaa4b420c58b4a301cf4b7d26207f1c8d1165']"
CVE-2020-13765,qemu_qemu,"4f1c6cb
e423455",,{'e423455c4f23a1a828901c78fe6d03b7dde79319': ['4f1c6cb2f9afafda05eab150fd2bd284edce6676']},,,,
CVE-2020-13775,znc_znc,"2390ad1
d229761",,,,,,"['2390ad111bde16a78c98ac44572090b33c3bd2d8', 'd229761821da38d984a9e4098ad96842490dc001']"
CVE-2020-15202,tensorflow_tensorflow,"27b4173
ca8c013",,,,,,"['27b417360cbd671ef55915e4bb6bb06af8b8a832', 'ca8c013b5e97b1373b3bb1c97ea655e69f31a575']"
CVE-2020-15253,grocy_grocy,"0624b0d
0df2590",,,,,,"['0624b0df594a4353ef25e6b1874565ea52ce7772', '0df2590de27c60c18b7db6e056347bd2aff5a887']"
CVE-2020-1935,apache_tomcat,"b191a0d
959f1df
060ecc5",,"{""b191a0d9cf06f4e04257c221bfe41d2b108a9cc8"": [""959f1dfd767bf3cb64776b44f7395d1d8d8f7ab3"", ""060ecc5eb839208687b7fcc9e35287ac8eb46998""]}",,,,
CVE-2020-1940,apache_jackrabbit-oak,"9b78a60
756d038
b615992
3e1c6e1
21a47b7
e7180a8
1383182",,"{'9b78a60d5d0c3e199c006d92590dc29d39379679': ['756d0387ef39dc3a7a84f6644a318e74535953e6', 'b615992fc5202046e9479a29d6a7bd41d6258d09', '3e1c6e13b67331710a1747223d8e6ee22c5fae9c', '21a47b758bb24b1327c795cf421dc755f7959d2f', 'e7180a8d9c4f14b2de1928861dd27287e5fb59bd', '138318257a57703ef6dd0f7430c115f41ffe8f85']}",,,,
CVE-2020-26164,KDE_kdeconnect-kde,"024e5f2
4fbd01a
542d94a
613899b
8112729
ce0f00f",,,,,,"['024e5f23db8d8ad3449714b906b46094baaffb89', '4fbd01a3d44a0bcca888c49a77ec7cfd10e113d7', '542d94a70c56aa386c8d4d793481ce181b0422e8', '613899be24b6e2a6b3e5cc719efce8ae8a122991', '8112729eb0f13e6947984416118531078e65580d', 'ce0f00fc2d3eccb51d0af4eba61a4f60de086a59']"
CVE-2020-26249,Cog-Creators_Red-Dashboard,"99d88b8
a6b9785",,,,,,"['99d88b840674674166ce005b784ae8e31e955ab1', 'a6b9785338003ec87fb75305e7d1cc2d40c7ab91']"
CVE-2020-28954,bigbluebutton_bigbluebutton,"5c911dd
e59bcd0",,,{'5c911ddeec4493f40f42e2f137800ed4692004a4': ['e59bcd0c33a6a3203c011faa8823ba2cac1e4f37']},,,
CVE-2020-35518,389ds_389-ds-base,"b6aae4d
cc0f692",,,,,,"['b6aae4d8e7c8a6ddd21646f94fef1bf7f22c3f32', 'cc0f69283abc082488824702dae485b8eae938bc']"
CVE-2020-36177,wolfSSL_wolfssl,"63bf5dc
fb2288c",{'63bf5dc56ccbfc12a73b06327361687091a4c6f7': ['fb2288c46dd4c864b78f00a47a364b96a09a5c0f']},,,,,
CVE-2020-5223,PrivateBin_PrivateBin,"2caddf9
4bf7f86
8d0ac33",,{'4bf7f863dc2ffea1ea105e575205ab0f83ed2751': ['2caddf985f35c6b660b19ff62bb9ddd2d9f33118']},,{'8d0ac336d23cd8c98e71d5f21cdadcae9c8a26e6': ['4bf7f863dc2ffea1ea105e575205ab0f83ed2751']},,
CVE-2020-5243,ua-parser_uap-core,"0afd61e
a679b13
dd279cf
7d92a38
e9a1c74","{'0afd61ed85396a3b5316f18bfd1edfaadf8e88e1': ['a679b131697e7371f0441f4799940779efa2f27e', 'dd279cff09546dbd4174bd05d29c0e90c2cffa7c', '7d92a383440c9742ec878273c90a4dcf8446f9af', 'e9a1c74dae9ecd4aa6385bd34ef6c7243f89b537']}",,,,,"['a679b131697e7371f0441f4799940779efa2f27e', 'dd279cff09546dbd4174bd05d29c0e90c2cffa7c', '7d92a383440c9742ec878273c90a4dcf8446f9af', 'e9a1c74dae9ecd4aa6385bd34ef6c7243f89b537']"
CVE-2020-5247,puma_puma,"c364917
694feaf
1b17e85",,"{'c36491756f68a9d6a8b3a49e7e5eb07fe6f1332f': ['694feafcd4fdcea786a0730701dad933f7547bea', '1b17e85a06183cd169b41ca719928c26d44a6e03']}",,,,
CVE-2020-5274,symfony_symfony,"629d21b
cf80224",,,,,,"['629d21b800a15dc649fb0ae9ed7cd9211e7e45db', 'cf80224589ac05402d4f72f5ddf80900ec94d5ad']"
CVE-2020-5390,IdentityPython_pysaml2,"5e9d5ac
f27c7e7",,,,,,"['5e9d5acbcd8ae45c4e736ac521fd2df5b1c62e25', 'f27c7e7a7010f83380566a219fd6a290a00f2b6e']"
CVE-2020-5398,spring-projects_spring-framework,"6ce19ff
0583b33
41f40c6
956ffe6",,{'6ce19ff86138a9dd284588fb62c73af5bc97ec66': ['0583b334b46cf2a591c72c2708ee3d2ac5d2b58c']},{'41f40c6c229d3b4f768718f1ec229d8f0ad76d76':['956ffe68587c8d5f21135b5ce4650af0c2dea933']},,,
CVE-2020-7041,adrienverge_openfortivpn,"60660e0
cd9368c",,,,,,"['60660e00b80bad0fadcf39aee86f6f8756c94f91', 'cd9368c6a1b4ef91d77bb3fdbe2e5bc34aa6f4c4']"
CVE-2020-7219,hashicorp_consul,"b788f72
38f008b
5531678",,"{'5531678e9eb7c5548df8fa86e9e77a573c233e46': ['38f008b75a864c59a6479890c205fe314709d808', '5531678e9eb7c5548df8fa86e9e77a573c233e46']}",,,,
CVE-2020-7611,micronaut-projects_micronaut-core,"bc855e4
6deb60b
9d1eff5",,{'6deb60b75517f80c57b42d935f07955c773b766d': ['9d1eff5c8df1d6cda1fe00ef046729b2a6abe7f1']},,,{'6deb60b75517f80c57b42d935f07955c773b766d': ['bc855e439c4a5ced3d83195bb59d0679cbd95add']},
CVE-2020-7658,mopemope_meinheld,"4155876
3bc3e7c",,,,,,"['4155876bfd3e8fc4adad4aaa59ec3f1cefa1d2d1', '3bc3e7ccd534277af955c0c92981d0aa033929a7']"
CVE-2020-8890,MISP_MISP,"934c828
c1a0b3b",,,,,,"['934c82819237b4edf1da64587b72a87bec5dd520', 'c1a0b3b2809b21b4df8c1efbc803aff700e262c3']"
CVE-2020-9402,django_django,"fe886a3
02d97f3
26a5cf8
6695d29",,"{'6695d29b1c1ce979725816295a26ecc64ae0e927': ['02d97f3c9a88adc890047996e5606180bd1c6166', '26a5cf834526e291db00385dd33d319b8271fc4c', 'fe886a3b58a93cfbe8864b485f93cb6d426cd1f2']}",,,,
CVE-2021-23362,npm_hosted-git-info,"29adfe5
8d4b369
bede0dc",,{'bede0dc38e1785e732bf0a48ba6f81a4a908eba3': ['29adfe5ef789784c861b2cdeb15051ec2ba651a7']},,,,"['8d4b3697d79bcd89cdb36d1db165e3696c783a01', 'bede0dc38e1785e732bf0a48ba6f81a4a908eba3']"
CVE-2021-23369,handlebars-lang_handlebars.js,"b6d3de7
f058970",,,,,,"['b6d3de7123eebba603e321f04afdbae608e8fea8', 'f0589701698268578199be25285b2ebea1c1e427']"
CVE-2021-23418,nicolargo_glances,"4b87e97
85d5a6b
9d6051b",,,,,,"['4b87e979afdc06d98ed1b48da31e69eaa3a9fb94', '85d5a6b4af31fcf785d5a61086cbbd166b40b07a', '9d6051be4a42f692392049fdbfc85d5dfa458b32']"
CVE-2021-23440,jonschlinkert_set-value,"383b72d
09c4b10",,{'383b72d47c74a55ae8b6e231da548f9280a4296a': ['09c4b108fea3c0260008590053ff13da64913245']},,,,
CVE-2021-25931,OpenNMS_opennms,"607151e
eb08b5e",,,,,,"['607151ea8f90212a3fb37c977fa57c7d58d26a84', 'eb08b5ed4c5548f3e941a1f0d0363ae4439fa98c']"
CVE-2021-25934,OpenNMS_opennms,"101e3aa
eb08b5e",{'eb08b5ed4c5548f3e941a1f0d0363ae4439fa98c': ['101e3aa06ec9a1f8f266335fc6f5685c062c6117']},,,,,
CVE-2021-25935,OpenNMS_opennms,"101e3aa
eb08b5e",{'eb08b5ed4c5548f3e941a1f0d0363ae4439fa98c': ['101e3aa06ec9a1f8f266335fc6f5685c062c6117']},,,,,
CVE-2021-28280,PHPFusion_PHPFusion,"08d6c2e
1c2b323
da9f89a
fda266c",,,,,"{'fda266c3bb35c650a8c4c51b6923abdfb66ef5cd': ['1c2b32321cf11ed1cd3ff835f8da0d172c849ce6'], '1c2b32321cf11ed1cd3ff835f8da0d172c849ce6': ['da9f89ae70219f357fba6fffd2dae1ec886d8a3b']}","['08d6c2ea49bd06fcce32275252f5f25abe61965c', 'fda266c3bb35c650a8c4c51b6923abdfb66ef5cd']"
CVE-2021-29608,tensorflow_tensorflow,"b761c9b
c4d7afb
f94ef35",,,,,,"['b761c9b652af2107cfbc33efd19be0ce41daa33e', 'c4d7afb6a5986b04505aca4466ae1951686c80f6', 'f94ef358bb3e91d517446454edff6535bcfe8e4a']"
CVE-2021-29609,tensorflow_tensorflow,"41727ff
6fd02f4",,,{'6fd02f44810754ae7481838b6a67c5df7f909ca3': ['41727ff06111117bdf86b37db198217fd7a143cc']},,,
CVE-2021-29613,tensorflow_tensorflow,"14607c0
4504a08",,,,,,"['14607c0707040d775e06b6817325640cb4b5864c', '4504a081af71514bb1828048363e6540f797005b']"
CVE-2021-31294,redis_redis,"46f4ebb
6cbea7d",,"{""46f4ebbe842620f0976a36741a72482620aa4b48"": [""6cbea7d29b5285692843bc1c351abba1a7ef326f""]}",,,,
CVE-2021-3190,omrilotan_async-git,"611823b
a5f45f5",,,,,,"['611823bd97dd41e9e8127c38066868ff9dcfa57a', 'a5f45f58941006c4cc1699609383b533d9b92c6a']"
CVE-2021-32613,radareorg_radare2,"5e16e2d
a07dedb",,,,,,"['5e16e2d1c9fe245e4c17005d779fde91ec0b9c05', 'a07dedb804a82bc01c07072861942dd80c6b6d62']"
CVE-2021-32638,github_codeql-action,"58defc0
88714e3",,,,,"{""88714e3a60e72ec53caa0e6a203652ee1f3fb1db"": [""58defc0652e935f6f2ffc70a82828b98d75476fb""]}",
CVE-2021-32648,octobercms_library,"016a297
5bd1a28",,,,{'016a297b1bec55d2e53bc889458ed2cb5c3e9374': ['5bd1a28140b825baebe6becd4f7562299d3de3b9']},,
CVE-2021-32664,Combodo_iTop,"4f5c987
84741c1
86f649a","{'84741c19f0af6fa8e7082a8807eb089182e7b88a': ['4f5c987d8b1bd12814dc606ea69b6cfb88490704', '86f649affc12b5078efc86d9439d67d98f4cb2f6']}",,,,,"['4f5c987d8b1bd12814dc606ea69b6cfb88490704', '86f649affc12b5078efc86d9439d67d98f4cb2f6']"
CVE-2021-32749,fail2ban_fail2ban,"2ed414e
410a6ce",,"{""2ed414ed09b3bb4c478abc9366a1ff22024a33c9"": [""410a6ce5c80dd981c22752da034f2529b5eee844""]}",,,,
CVE-2021-33910,systemd_systemd-stable,"4a1c5f3
764b741
b006743
cfd14c6",,"{'764b74113e36ac5219a4b82a05f311b5a92136ce': ['4a1c5f34bd3e1daed4490e9d97918e504d19733b', 'b00674347337b7531c92fdb65590ab253bb57538', 'cfd14c65374027b34dbbc4f0551456c5dc2d1f61']}",,,,
CVE-2021-35206,gitpod-io_gitpod,"8ca431f
f78b7d1",,,,,,"['8ca431f86ae3a6f9a17afcfed51cdd065fcff1a5', 'f78b7d18e509e28e71b65bbd4dfd52c16ca57c18']"
CVE-2021-36740,varnishcache_varnish-cache,"82b0a62
9be2219",,{'82b0a629f60136e76112c6f2c6372cce77b683be': ['9be22198e258d0e7a5c41f4291792214a29405cf']},,,,
CVE-2021-37662,tensorflow_tensorflow,"429f009
9c87c32",,,,,,"['429f009d2b2c09028647dd4bb7b3f6f414bbaad7', '9c87c32c710d0b5b53dc6fd3bfde4046e1f7a5ad']"
CVE-2021-37669,tensorflow_tensorflow,"3a73627
b5cdbf1",,,,,,"['3a7362750d5c372420aa8f0caf7bf5b5c3d0f52d', 'b5cdbf12ffcaaffecf98f22a6be5a64bb96e4f58']"
CVE-2021-37682,tensorflow_tensorflow,"4a91f20
537bc7c
8933b8a",,,,,,"['4a91f2069f7145aab6ba2d8cfe41be8a110c18a5', '537bc7c723439b9194a358f64d871dd326c18887', '8933b8a21280696ab119b63263babdb54c298538']"
CVE-2021-38593,qt_qtbase,"1ca02cf
202143b
6b400e3",,"{'6b400e3147dcfd8cc3a393ace1bd118c93762e0c': ['1ca02cf2879a5e1511a2f2109f0925cf4c892862', '202143ba41f6ac574f1858214ed8bf4a38b73ccd']}",,,,
CVE-2021-39193,paritytech_frontier,"0b962f2
8a2b890",,"{""0b962f218f0cdd796dadfe26c3f09e68f7861b26"": [""8a2b890a2fb477d5fedd0e4335b00623832849ae""]}",,,,
CVE-2021-39207,facebookresearch_ParlAI,"4374fa2
507d066",,,,,,"['4374fa2aba383db6526ab36e939eb1cf8ef99879', '507d066ef432ea27d3e201da08009872a2f37725']"
CVE-2021-41106,lcobucci_jwt,"8175de5
c45bb8b",,{'8175de5b841fbe3fd97d2d49b3fc15c4ecb39a73': ['c45bb8b961a8e742d8f6b88ef5ff1bd5cca5d01c']},,,,
CVE-2021-41120,Sylius_PayPalPlugin,"2adc46b
814923c","{""814923c2e9d97fe6279dcee866c34ced3d2fb7a7"": [""2adc46be2764ccee22b4247139b8056fb8d1afff""]}",,,,"{""2adc46be2764ccee22b4247139b8056fb8d1afff"": [""814923c2e9d97fe6279dcee866c34ced3d2fb7a7""]}",
CVE-2021-41139,anuko_timetracker,"5599067
d3f60bd",,,{'559906731f153c9b3a632c2839ed11669b76d593': ['d3f60bd3e3ea8ff8ec31a596baec6750af601b7c']},,,
CVE-2021-41166,nextcloud_android,"aa47197
b6ecf51",{'aa47197109970b8449c4e44601eba36e3481b086': ['b6ecf515b38c2d82d32743f27236534f3e03ee0c']},,,,,
CVE-2021-41197,tensorflow_tensorflow,"7c1692b
a871989
d81b135",,,,,,"['7c1692bd417eb4f9b33ead749a41166d6080af85', 'a871989d7b6c18cdebf2fb4f0e5c5b62fbc19edf', 'd81b1351da3e8c884ff836b64458d94e4a157c15']"
CVE-2021-41227,tensorflow_tensorflow,"1cb6bb6
3712a2d",,,,,,"['1cb6bb6c2a6019417c9adaf9e6843ba75ee2580b', '3712a2d3455e6ccb924daa5724a3652a86f6b585']"
CVE-2021-41242,OpenOLAT_OpenOLAT,"336d5ce
c450df7",,,,,,"['336d5ce80681be61a0bbf4f73d2af5d1ff67e93a', 'c450df7d7ffe6afde39ebca6da9136f1caa16ec4']"
CVE-2021-41269,jmrozanec_cron-utils,"cfd2880
d670750",,,,,,"['cfd2880f80e62ea74b92fa83474c2aabdb9899da', 'd6707503ec2f20947f79e38f861dba93b39df9da']"
CVE-2021-41750,nystudio107_craft-seomatic,"4e46b79
5f2cdc7",,,,,{'5f2cdc7c39e0a4bfb60d2f84131508f0a87b2873': ['4e46b792ce973ac0c652fb330055f41aca1981c8']},
CVE-2021-4213,dogtagpki_jss,"3aabe0e
5922560",,,,,,"['3aabe0e9d59b0a42e68ac8cd0468f9c5179967d2', '5922560a78d0dee61af8a33cc9cfbf4cfa291448']"
CVE-2021-42341,OpenRC_openrc,"63db2d9
bb83341",,,,{'63db2d99e730547339d1bdd28e8437999c380cae': ['bb8334104baf4d5a4a442a8647fb9204738f2204']},,
CVE-2021-43090,membrane_soa-model,"19de169
3aa295f",,{'19de16902468e7963cc4dc6b544574bc1ea3f251': ['3aa295f155f621d5ea661cb9a0604013fc8fd8ff']},,,,
CVE-2021-43289,gocd_gocd,"4c4bb47
c22e042",,,,,{'c22e0428164af25d3e91baabd3f538a41cadc82f': ['4c4bb4780eb0d3fc4cacfc4cfcc0b07e2eaf0595']},
CVE-2021-43784,opencontainers_runc,"9c44407
d72d057
f50369a",{'f50369af4b571e358f20b139eea52d612eb55eed': ['d72d057ba794164c3cce9451a00b72a78b25e1ae']},,,,,"['9c444070ec7bb83995dbc0185da68284da71c554', 'f50369af4b571e358f20b139eea52d612eb55eed']"
CVE-2021-43809,rubygems_rubygems,"0fad1cc
a4f2f8a",,,,,,"['0fad1ccfe9dd7a3c5b82c1496df3c2b4842870d3', 'a4f2f8ac17e6ce81c689527a8b6f14381060d95f']"
CVE-2021-43851,anuko_timetracker,"0cf32f1
94fda0c",,,,,,"['0cf32f1046418aa2e5218b0b370064820c330c6a', '94fda0cc0c9c20ab98d38ccc75ff040d13dc7f1b']"
CVE-2021-43860,flatpak_flatpak,"54ec1a4
65cbfac
93357d3
ba818f5
d9a8f9d",,,,,,"['54ec1a482dfc668127eaae57f135e6a8e0bc52da', '65cbfac982cb1c83993a9e19aa424daee8e9f042', '93357d357119093804df05acc32ff335839c6451', 'ba818f504c926baaf6e362be8159cfacf994310e', 'd9a8f9d8ccc0b7c1135d0ecde006a75d25f66aee']"
CVE-2021-44026,roundcube_roundcubemail,"c8947ec
ee809bd",,{'c8947ecb762d9e89c2091bda28d49002817263f1': ['ee809bde2dcaa04857a919397808a7296681dcfa']},,,,
CVE-2021-45942,AcademySoftwareFoundation_openexr,"11cad77
db217f2",,,,,,"['11cad77da87c4fa2aab7d58dd5339e254db7937e', 'db217f29dfb24f6b4b5100c24ac5e7490e1c57d0']"
CVE-2022-0496,openscad_openscad,"770e323
00a4692",,{'770e3234cbfe66edbc0333f796b46d36a74aa652': ['00a4692989c4e2f191525f73f24ad8727bacdf41']},,,,
CVE-2022-21740,tensorflow_tensorflow,"2b7100d
adbbabd",,,,,{'2b7100d6cdff36aa21010a82269bc05a6d1cc74a': ['adbbabdb0d3abb3cdeac69e38a96de1d678b24b3']},
CVE-2022-23508,weaveworks_weave-gitops,"75268c4
966823b",,,,,,"['75268c4d2c8f7e4db22c63d76b451ba6545d117f', '966823bbda8c539a4661e2a4f8607c9307ba6225']"
CVE-2022-23510,cube-js_cube.js,"3c61467
f1140de",,,,,,"['3c614674fed6ca17df08bbba8c835ef110167570', 'f1140de508e359970ac82b50bae1c4bf152f6041']"
CVE-2022-23538,sylabs_scs-library-client,"68ac4ca
b5db2aa
eebd7ca",{'b5db2aacba6bf1231f42dd475cc32e6355ab47b2': ['eebd7caaab310b1fa803e55b8fc1acd9dcd2d00c']},,,,,"['68ac4cab5cda0afd8758ff5b5e2e57be6a22fcfa', 'b5db2aacba6bf1231f42dd475cc32e6355ab47b2']"
CVE-2022-23559,tensorflow_tensorflow,"a4e401d
1de4972
f19be71",,,,,,"['a4e401da71458d253b05e41f28637b65baf64be4', '1de49725a5fc4e48f1a3b902ec3599ee99283043', 'f19be71717c497723ba0cea0379e84f061a75e01']"
CVE-2022-23589,tensorflow_tensorflow,"0a365c0
045deec",,,,,,"['0a365c029e437be0349c31f8d4c9926b69fa3fa1', '045deec1cbdebb27d817008ad5df94d96a08b1bf']"
CVE-2022-23949,keylime_keylime,"e429e95
65c2b73
387e320",,,,,"{'65c2b737129b5837f4a03660aeb1191ced275a57': ['e429e95329fc60608713ddfb82f4a92ee3b3d2d9', '387e320dc22c89f4f47c68cb37eb9eec2137f34b']}",
CVE-2022-24375,node-opcua_node-opcua,"3fd46ec
7b5044b",,,,,,"['3fd46ec156e7718a506be41f3916310b6bdd0407', '7b5044b3f5866fbedc3efabd05e407352c07bd2f']"
CVE-2022-24710,WeblateOrg_weblate,"f6753a1
9e19a84
22d577b",,,,,,"['f6753a1a1c63fade6ad418fbda827c6750ab0bda', '9e19a8414337692cc90da2a91c9af5420f2952f1', '22d577b1f1e88665a88b4569380148030e0f8389']"
CVE-2022-24719,fluture-js_fluture-node,"0c99bc5
125e447",,,,,"{""125e4474f910c1507f8ec3232848626fbc0f55c4"": [""0c99bc511533d48be17dc6bfe641f7d0aeb34d77""]}",
CVE-2022-24772,digitalbazaar_forge,"3f0b49a
bb822c0",,,,,,"['3f0b49a0573ef1bb7af7f5673c0cfebf00424df1', 'bb822c02df0b61211836472e29b9790cc541cdb2']"
CVE-2022-24775,guzzle_psr7,"e55afaa
9a96d9d",,{'e55afaa3fc138c89adf3b55a8ba20dc60d17f1f1': ['9a96d9db668b485361ed9de7b5bf1e54895df1dc']},,,,
CVE-2022-24798,irrdnet_irrd,"fdffaf8
0e41bae",,{'0e41bae8d3d27316381a2fc7b466597230e35ec6': ['fdffaf8dd71713f06e99dff417e6aa1e6fa84b70']},,,,
CVE-2022-24848,dhis2_dhis2-core,"ef04483
3b245d0",,{'ef04483a9b177d62e48dcf4e498b302a11f95e7d': ['3b245d04a58b78f0dc9bae8559f36ee4ca36dfac']},,,,
CVE-2022-2522,vim_vim,"5fa9f23
b9e7173",,,,,,"['5fa9f23a63651a8abdb074b4fc2ec9b1adc6b089', 'b9e717367c395490149495cf375911b5d9de889e']"
CVE-2022-25273,drupal_core,"ac374d6
9006e23",,{'ac374d67c8d40d3836066e982ea61c85cfb44521': ['9006e23d6368d5771cefabed63269930f17549ed']},,,,
CVE-2022-25321,cerebrate-project_cerebrate,"e13b4e7
14ec995",,,,,,"['e13b4e7bc5f1a0ff59b52162cc99405e89c0544a', '14ec995c2bd618b181197dc6b64e63fd966b4860']"
CVE-2022-25845,alibaba_fastjson,"8f3410f
35db4ad",,,,,,"['8f3410f81cbd437f7c459f8868445d50ad301f15', '35db4adad70c32089542f23c272def1ad920a60d']"
CVE-2022-25860,steveukx_git-js,"9545931
ec97a39",,,,,,"['95459310e5b8f96e20bb77ef1a6559036b779e13', 'ec97a39ab60b89e870c5170121cd9c1603cc1951']"
CVE-2022-25867,socketio_socket.io-client-java,"e8ffe9d
8664499",,{'e8ffe9d1383736f6a21090ab959a2f4fa5a41284': ['8664499b6f31154f49783531f778dac5387b766b']},,,,
CVE-2022-25883,npm_node-semver,"717534e
2f8fd41
928e56d",,"{'717534ee353682f3bcf33e60a8af4292626d4441': ['2f8fd41487acf380194579ecb6f8b1bbfe116be0', '928e56d21150da0413a3333a3148b20e741a920c']}",,,,
CVE-2022-25892,julianhille_MuhammaraJS,"90b278d
1890fb5",,{'1890fb555eaf171db79b73fdc3ea543bbd63c002': ['90b278d09f16062d93a4160ef0a54d449d739c51']},,,,
CVE-2022-29694,unicorn-engine_unicorn,"6a879a0
31389e5
3d3deac",,,"{""6a879a082d4d67a5d13f1233ae0334cde0a7f844"": [""31389e59457f304be3809f9679f91a42daa7ebaa""]}",,"{""31389e59457f304be3809f9679f91a42daa7ebaa"": [""3d3deac5e6d38602b689c4fef5dac004f07a2e63""]}",
CVE-2022-31111,paritytech_frontier,"e3e427f
fed5e0a",,{'fed5e0a9577c10bea021721e8c2c5c378e16bf66': ['e3e427fa2e5d1200a784679f8015d4774cedc934']},,,,
CVE-2022-31124,scottcwang_openssh_key_parser,"d5b53b4
26e0a47
274447f","{'274447f91b4037b7050ae634879b657554523b39': ['26e0a471e9fdb23e635bc3014cf4cbd2323a08d3', 'd5b53b4b7e76c5b666fc657019dbf864fb04076c']}",,,,,"['26e0a471e9fdb23e635bc3014cf4cbd2323a08d3', 'd5b53b4b7e76c5b666fc657019dbf864fb04076c']"
CVE-2022-31163,tzinfo_tzinfo,"9eddbb5
9905ca9",,{'9eddbb5c0e682736f61d0dd803b6031a5db9eadf': ['9905ca93abf7bf3e387bd592406e403cd18334c7']},,,,
CVE-2022-31193,DSpace_DSpace,"f775845
5f72424",,{'f7758457b7ec3489d525e39aa753cc70809d9ad9': ['5f72424a478f59061dcc516b866dcc687bc3f9de']},,,,
CVE-2022-31195,DSpace_DSpace,"56e7604
7af52a0",,{'7af52a0883a9dbc475cf3001f04ed11b24c8a4c0': ['56e76049185bbd87c994128a9d77735ad7af0199']},,,,
CVE-2022-35414,qemu_qemu,"418ade7
3517fb7",,,,,,"['418ade7849ce7641c0f7333718caf5091a02fd4c', '3517fb726741c109cae7995f9ea46f0cab6187d6']"
CVE-2022-35932,nextcloud_spreed,"04300bb
f5ac739
10341b9","{'04300bbed0e87ff3420b5d752bbc48e2c15f35e9': ['10341b9fe59a44ae0d139c072abd6b5026f33771'], 'f5ac73940f9f683b11e518d1c54150bf50dab9be': ['10341b9fe59a44ae0d139c072abd6b5026f33771']}",{'04300bbed0e87ff3420b5d752bbc48e2c15f35e9': ['f5ac73940f9f683b11e518d1c54150bf50dab9be']},,,,
CVE-2022-36014,tensorflow_tensorflow,"a0f0b9a
3a75474",,,,,,"['a0f0b9a21c9270930457095092f558fbad4c03e5', '3a754740d5414e362512ee981eefba41561a63a6']"
CVE-2022-36045,NodeBB_NodeBB,"81e3c1b
e802fab",,{'e802fab87f94a13f397f04cfe6068f2f7ddf7888': ['81e3c1ba488d03371a5ce8d0ebb5c5803026e0f9']},,,,
CVE-2022-39201,grafana_grafana,"c658816
b571acc",,{'c658816f5229d17f877579250c07799d3bbaebc9': ['b571acc1dc130a33f24742c1f93b93216da6cf57']},,,,
CVE-2022-39280,pyupio_dparse,"8c99017
d87364f",{'8c990170bbd6c0cf212f1151e9025486556062d5': ['d87364f9db9ab916451b1b036cfeb039e726e614']},,,,,
CVE-2022-39285,ZoneMinder_zoneminder,"c0a4c05
d289eb4",,,,,,"['c0a4c05e84eea0f6ccf7169c014efe5422c9ba0d', 'd289eb48601a76e34feea3c1683955337b1fae59']"
CVE-2022-39348,twisted_twisted,"f2f5e81
f49041b","{""f2f5e81c03f14e253e85fe457e646130780db40b"": [""f49041bb67792506d85aeda9cf6157e92f8048f4""]}",,,,,
CVE-2022-39357,wintercms_winter,"2a13faf
bce4b59",,"{""2a13faf99972e84c9661258f16c4750fa99d29a1"": [""bce4b59584abf961e9400af3d7a4fd7638e26c7f""]}",,,,
CVE-2022-41909,tensorflow_tensorflow,"660ce5a
bf594d0",,,,,,"['660ce5a89eb6766834bdc303d2ab3902aef99d3d', 'bf594d08d377dc6a3354d9fdb494b32d45f91971']"
CVE-2022-41940,socketio_engine.io,"83c4071
425e833",,"{""425e833ab13373edf1dd5a0706f07100db14e3c6"": [""83c4071af871fc188298d7d591e95670bf9f9085""]}",,,,
CVE-2022-45182,AndyTaylorTweet_Pi-Star_DV_Dash,"0ad7d00
5aa194d
1e46533",,,"{""1e46533f4051648bc40478d99201f19241bbaa41"": [""0ad7d00210fc2c0eb7073e5ed429ac265ccfebbd""]}",,,"['0ad7d00210fc2c0eb7073e5ed429ac265ccfebbd', '5aa194df3dfc92cc21f6604bbda32268f4a624ce']"
CVE-2022-46171,tauri-apps_tauri,"f0602e7
72389b0",,"{""f0602e7c294245ab6ef6fbf2a976ef398340ef58"": [""72389b00d7b495ffd7750eb1e75a3b8537d07cf3""]}",,,,
CVE-2022-46177,discourse_discourse,"4bf306f
8394421",,{'83944213b2b2454af80d0407f60d67641b1f0b38': ['4bf306f0e3bf54a9ef9c5886bf1cfb85c20da570']},,,,
CVE-2023-0459,torvalds_linux,"4b842e4
74e19ef",,,,,,"['4b842e4e25b12951fa10dedb4bc16bc47e3b850c', '74e19ef0ff8061ef55957c3abd71614ef0f42f47']"
CVE-2023-1801,the-tcpdump-group_tcpdump,"03c037b
7578e1c",,{'7578e1c04ee280dda50c4c2813e7d55f539c6501': ['03c037bbd75588beba3ee09f26d17783d21e30bc']},,,,
CVE-2023-23622,discourse_discourse,"105fee9
ecb9aa5",,{'105fee978d73b0ec23ff814a09d1c0c9ace95164': ['ecb9aa5dba94741d9579f4f873f0675f48b4184f']},,,,
CVE-2023-24818,RIOT-OS_RIOT,"0bec3e2
17c70f7
aa27ed7
4b23d93
f4df5b4
f4fb746",,"{'0bec3e245ed3815ad6c8cae54673f0021777768b': ['f4df5b4c4f841ccb460930894cf68ab10b55b971'], '17c70f7ee0b1445f2941f516f264ed4a096e82b7': ['4b23d93868a28edd8ebf2ff4ebe94540f2475008'], 'aa27ed71fa3e5d48dee1748dcf27b6323ec98a33': ['f4fb746d1acaacc962daeed3aa71aadfe307d20e']}",,,,"['0bec3e245ed3815ad6c8cae54673f0021777768b', '17c70f7ee0b1445f2941f516f264ed4a096e82b7', 'aa27ed71fa3e5d48dee1748dcf27b6323ec98a33']"
CVE-2023-24820,RIOT-OS_RIOT,"2709fbd
d052e2e",,{'2709fbd827b688fe62df2c77c316914f4a3a6d4a': ['d052e2ee166e55bbdfe4c455e65dbd7e3479ebe3']},,,,
CVE-2023-24821,RIOT-OS_RIOT,"9728f72
bd31010",,{'9728f727e75d7d78dbfb5918e0de1b938b7b6d2c': ['bd31010231f5340e21410595dd95afc86bbfd341']},,,,
CVE-2023-24822,RIOT-OS_RIOT,"639c043
7253e26",,{'639c04325de4ceb9d444955f4927bfae95843a39': ['7253e261556f252816f4a3b7c4f96fc10d642485']},,,,
CVE-2023-24823,RIOT-OS_RIOT,"4a081f8
dafc397",,{'4a081f86616cb5c9dd0b5d7b286da03285d1652a': ['dafc397fdc3655aeb5c7b9963a43f1604c6a2062']},,,,
CVE-2023-25172,discourse_discourse,"1a5a6f6
c186a46",,"{""c186a46910431020e8efc425dec2133e7a99fa9a"": [""1a5a6f66cb821ed29a737311d6fdc2eba5adc915""]}",,,,
CVE-2023-25652,git_git,"18e2b1c
668f2d5",,,,,,"['18e2b1cfc80990719275d7b08e6e50f3e8cbc902', '668f2d53613ac8fd373926ebe219f2c29112d93e']"
CVE-2023-25671,tensorflow_tensorflow,"2eedc8f
760322a",,,,,,"['2eedc8f676d2c3b8be9492e547b2bc814c10b367', '760322a71ac9033e122ef1f4b1c62813021e5938']"
CVE-2023-26056,xwiki_xwiki-platform,"4b75f21
bd34ad6
dd3f473",,,,,"{'bd34ad6710ed72304304a3d5fec38b7cc050ef3b': ['4b75f212c2dd2dfc5fb5726c7830c6dbc9a425c6', 'dd3f4735b41971b3afc3f3aedf6664b4e8be4894']}",
CVE-2023-26141,sidekiq_sidekiq,"101435c
62c90d7","{""101435c5a73095ca62b610d5d6456e7e5dc7f81a"": [""62c90d7c5a7d8a378d79909859d87c2e0702bf89""]}",,,,,
CVE-2023-26153,geokit_geokit-rails,"7ffc581
a93dfe4","{""7ffc5813e57f6f417987043e1039925fd0865c43"": [""a93dfe49fb9aeae7164e2f8c4041450a04b5482f""]}",,,,,
CVE-2023-27586,Kozea_CairoSVG,"12d31c6
33007d4",,,,,,"['12d31c653c0254fa9d9853f66b04ea46e7397255', '33007d4af9195e2bfb2ff9af064c4c2d8e4b2b53']"
CVE-2023-28107,discourse_discourse,"0bd6478
78a3efa",,{'0bd64788d2b4680c04fbef76314a24884d65fed9': ['78a3efa7104eed6dd3ed7a06a71e2705337d9e61']},,,,
CVE-2023-28115,KnpLabs_snappy,"1ee6360
b66f793",{'b66f79334421c26d9c244427963fa2d92980b5d3': ['1ee6360cbdbea5d09705909a150df7963a88efd6']},,,,,
CVE-2023-28836,wagtail_wagtail,"5be2b1e
ff806ab",,,,,,"['5be2b1ed55fd7259dfdf2c82e7701dba407b8b62', 'ff806ab173a504395fdfb3139eb0a29444ab4b91']"
CVE-2023-29525,xwiki_xwiki-platform,"6d74e2e
8e7c7f9",,{'8e7c7f90f2ddaf067cb5b83b181af41513028754': ['6d74e2e4aa03d19f0be385ab63ae9e0f0e90a766']},,,,
CVE-2023-30545,PrestaShop_PrestaShop,"cddac41
d900806",,{'cddac4198a47c602878a787280d813f60c6c0630': ['d900806e1841a31f26ff0a1843a6888fc1bb7f81']},,,,
CVE-2023-30625,rudderlabs_rudder-server,"0d061ff
2f956b7
9c009d9",,,{'9c009d9775abc99e72fc470f4c4c8e8f1775e82a': ['0d061ff2d8c16845179d215bf8012afceba12a30']},,,"['2f956b7eb3d5eb2de3e79d7df2c87405af25071e', '9c009d9775abc99e72fc470f4c4c8e8f1775e82a']"
CVE-2023-30861,pallets_flask,"70f906c
afd63b1",,{'70f906c51ce49c485f1d355703e9cc3386b1cc2b': ['afd63b16170b7c047f5758eb910c416511e9c965']},,,,
CVE-2023-31128,nextcloud_cookbook,"489bb74
a46d985",,{'a46d98559e2c64292da9ffb06138cccc2e50ae1b': ['489bb744']},,,,
CVE-2023-32062,oroinc_OroCalendarBundle,"460a8ff
5f4734a",,{'5f4734aa02088191c1c1d90ac0909f48610fe531': ['460a8ffb63b10c76f2fa26d53512164851c4909b']},,,,
CVE-2023-32063,oroinc_OroCRMCallBundle,"456b1dd
9a41dff",,"{""456b1dda7762abf4ff59eafffaa70ab7f09d1c85"": [""9a41dff459bb4aff864175ca883d553ac0954950""]}",,,,
CVE-2023-32685,kanboard_kanboard,"26b6eeb
c9c1872",,,{'26b6eebb78d4306e48b836a58f7c386251aa2bc7': ['c9c187206700030c43493b80fd599b4d096cb713']},,,
CVE-2023-33176,bigbluebutton_bigbluebutton,"43394da
b18aff3",,{'b18aff32e65a47f1eb2c800e86dcfc7a8fb05e71': ['43394dade595d0707384e4878357901537352415']},,,,
CVE-2023-33976,tensorflow_tensorflow,"6fa05df
915884f",,{'915884fdf5df34aaedd00fc6ace33a2cfdefa586': ['6fa05df43b00038b048f4f0e51ef522da6532fec']},,,,
CVE-2023-34096,sni_Thruk,"26de047
cf03f67",,,,,,"['26de047275c355c5ae2bbbc51b164f0f8bef5c5b', 'cf03f67621b7bb20e2c768bc62b30e976206aa17']"
CVE-2023-34238,gatsbyjs_gatsby,"ae5a654
fc22f4b",,{'ae5a654eb346b2e7a9d341b809b2f82d34c0f17c': ['fc22f4ba3ad7ca5fb3592f38f4f0ca8ae60b4bf7']},,,,
CVE-2023-35174,livebook-dev_livebook,"2e11b59
beb10da",,{'2e11b59f677c6ed3b6aa82dad412a8b3406ffdf1': ['beb10daaadcc765f0380e436bd7cd5f74cf086c8']},,,,
CVE-2023-35946,gradle_gradle,"859eae2
b07e528",{'b07e528feb3a5ffa66bdcc358549edd73e4c8a12': ['859eae2b2acf751ae7db3c9ffefe275aa5da0d5d']},,,,,
CVE-2023-36456,goauthentik_authentik,"1502674
c07a48a",,{'15026748d19d490eb2baf9a9566ead4f805f7dff': ['c07a48a3eccbd7b23026f72136d3392bbc6f795a']},,,,
CVE-2023-36475,parse-community_parse-server,"3dd99dd
5fad292",,{'3dd99dd80e27e5e1d99b42844180546d90c7aa90': ['5fad2928fb8ee17304abcdcf259932f827d8c81f']},,,,
CVE-2023-36806,contao_contao,"5c9aff3
c98585d
ccb64c7",,"{""5c9aff32cfc1f7dc452a045862ac2f86a6b9b4b4"": [""c98585d36baa25fda69c062421e7e7eadc53c82b"", ""ccb64c777eb0f9c0e6490c9135d80e915d37cd32""]}",,,,
CVE-2023-36809,kiwitcms_kiwi,"195ea53
ffb0045",,,,,,"['195ea53eaaf360c19227c864cc0fe58910032c3c', 'ffb00450be52fe11a82a2507632c2328cae4ec9d']"
CVE-2023-37267,umbraco_Umbraco-CMS,"1f26f2c
20a4e47
82eae48",,"{""1f26f2c6f3428833892cde5c6d8441fb041e410e"": [""20a4e475c8d7b91d263e4e103ef19f3644e7b569"", ""82eae48d098b9deecbdf86cf288b2b18020e1fed""]}",,,,
CVE-2023-39533,libp2p_go-libp2p,"0cce607
445be52
e30fcf7",,"{'0cce607219f3710addc7e18672cffd1f1d912fbb': ['445be526aea4ee0b1fa5388aa65d32b2816d3a00', 'e30fcf7dfd4715ed89a5e68d7a4f774d3b9aa92d']}",,,,
CVE-2023-40014,OpenZeppelin_openzeppelin-contracts,"9445f96
e4435ee",,{'9445f96223041abf2bf08daa56f8da50b674cbcd': ['e4435eed757d4309436b1e06608e97b6d6e2fdb5']},,,,
CVE-2023-40030,rust-lang_cargo,"9835622
f975722",,,,,,"['9835622853f08be9a4b58ebe29dcec8f43b64b33', 'f975722a0eac934c0722f111f107c4ea2f5c4365']"
CVE-2023-41048,plone_plone.namedfile,"188f66a
217d6ce
f0f911f
ff5269f",,"{'188f66a4577021cf8f2bf7c0f5150f9b9573f167': ['217d6ce847b7171bf1b73fcb6c08010eb449216a', 'f0f911f2a72b2e5c923dc2ab9179319cc47788f9', 'ff5269fb4c79f4eb91dd934561b8824a49a03b60']}",,,,
CVE-2023-41879,OpenMage_magento-lts,"2a2a2fb
31e74ac",,{'2a2a2fb504247e8966f8ffc2e17d614be5d43128': ['31e74ac5d670b10001f88f038046b62367f15877']},,,,
CVE-2023-41884,ZoneMinder_zoneminder,"677f6a3
a194fe8",,{'a194fe81d34c5eea2ab1dc18dc8df615fca634a6': ['677f6a31551f128554f7b0110a52fd76453a657a']},,,,
CVE-2023-4223,chamilo_chamilo-lms,"3d74fb7
6f32625
e864127",,,,,,"['3d74fb7d99bd2e287730552f7a66562417a55047', '6f32625a012d5de2dfe8edbccb4ed14a85e310d4', 'e864127a440c2cab0eb62c113a04e2e904543a1f']"
CVE-2023-4224,chamilo_chamilo-lms,"6f32625
e864127
f3d62b6",,,,,,"['6f32625a012d5de2dfe8edbccb4ed14a85e310d4', 'e864127a440c2cab0eb62c113a04e2e904543a1f', 'f3d62b65ad60d68096c2674d5695339f04de0b8a']"
CVE-2023-42799,moonlight-stream_moonlight-common-c,"02b7742
50c0a51",,,,"{""50c0a51b10ecc5b3415ea78c21d96d679e2288f9"": [""02b7742f4d19631024bd766bd2bb76715780004e""]}",,
CVE-2023-42800,moonlight-stream_moonlight-common-c,"24750d4
50c0a51",,,,"{""50c0a51b10ecc5b3415ea78c21d96d679e2288f9"": [""24750d4b748fefa03d09fcfd6d45056faca354e0""]}",,
CVE-2023-43641,lipnitsk_libcue,"cfb98a0
fdf72c8",,,,,,"['cfb98a060fd79dbc3463d85f0f29c3c335dfa0ea', 'fdf72c8bded8d24cfa0608b8e97f2eed210a920e']"
CVE-2023-43655,composer_composer,"4fce147
955a48e
95e091c",,"{'955a48e6319c8962e5cd421b07c00ab3c728968c': ['4fce14795aba98e40b6c4f5047305aba17a6120d', '95e091c921037b7b6564942845e7b738f6b95c9c']}",,,,
CVE-2023-44389,zopefoundation_Zope,"21dfa78
aeaf2cd",,"{""21dfa78609ffd8b6bd8143805678ebbacae5141a"": [""aeaf2cdc80dff60815e3706af448f086ddc3b98d""]}",,,,
CVE-2023-45816,discourse_discourse,"2c45b94
3c5fb87",,{'3c5fb871c0f54af47679ae71ad449666b01d8216': ['2c45b949ea0e9d6fa8e5af2dd07f6521ede08bf1']},,,,
CVE-2023-45897,exfatprogs_exfatprogs,"22d0e43
4abc55e
ec78688",,,,,,"['22d0e43e8d24119cbfc6efafabb0dec6517a86c4', '4abc55e976573991e6a1117bb2b3711e59da07ae', 'ec78688e5fb5a70e13df82b4c0da1e6228d3ccdf']"
CVE-2023-46733,symfony_symfony,"7467bd7
dc35649",{'7467bd7e3f888b333102bc664b5e02ef1e7f88b9': ['dc356499d5ceb86f7cf2b4c7f032eca97061ed74']},,,,,
CVE-2023-46734,symfony_symfony,"5d095d5
9da9a14",{'5d095d5feb1322b16450284a04d6bb48d1198f54': ['9da9a145ce57e4585031ad4bee37c497353eec7c']},,,,,
CVE-2023-47119,discourse_discourse,"628b293
d783579",,{'d78357917c6a917a8a27af68756228e89c69321c': ['628b293ff53fb617b3464dd27268aec84388cc09']},,,,
CVE-2023-47120,discourse_discourse,"95a82d6
e910dd0",,{'95a82d608d6377faf68a0e2c5d9640b043557852': ['e910dd09140cb4abc3a563b95af4a137ca7fa0ce']},,,,
CVE-2023-47129,statamic_cms,"098ef80
f6c6881",,{'098ef8024d97286ca501273c18ae75b646262d75': ['f6c688154f6bdbd0b67039f8f11dcd98ba061e77']},,,,
CVE-2023-48230,capnproto_capnproto,"75c5c14
e7f22da",,{'75c5c1499aa6e7690b741204ff9af91cce526c59': ['e7f22da9c01286a2b0e1e5fbdf3ec9ab3aa128ff']},,,,
CVE-2023-48705,nautobot_nautobot,"362850f
54abe23",,"{""54abe23331b6c3d0d82bf1b028c679b1d200920d"": [""362850f5a94689a4c75e3188bf6de826c3b012b2""]}",,,,
CVE-2023-48713,knative_serving,"012ee25
101f814
fff40ef",,"{'fff40ef7bac9be8380ec3d1c70fc15b57093382a': ['012ee2509231b80b7842139bfabc30516d3026ca', '101f814112b9ca0767f457e7e616b46205551cf1']}",,,,
CVE-2023-49090,carrierwaveuploader_carrierwave,"39b282d
863d425",,"{""863d425c76eba12c3294227b39018f6b2dccbbf3"": [""39b282db5c1303899b3d3381ce8a837840f983b5""]}",,,,
CVE-2023-49285,squid-cache_squid,"77b3fb4
deee944",,"{""77b3fb4df0f126784d5fd4967c28ed40eb8d521b"": [""deee944f9a12c9fd399ce52f3e2526bb573a9470""]}",,,,
CVE-2023-50254,linuxdeepin_deepin-reader,"4db7a07
c192fd2",,,,,,"['4db7a079fb7bd77257b1b9208a7ab26aade8fe04', 'c192fd20a2fe4003e0581c3164489a89e06420c6']"
CVE-2023-50263,nautobot_nautobot,"458280c
7c4cf31",,{'458280c359a4833a20da294eaf4b8d55edc91cee': ['7c4cf3137f45f1541f09f2f6a7f8850cd3a2eaee']},,,,
CVE-2023-50723,xwiki_xwiki-platform,"0f367aa
1157c1e
749f6ae
bd82be9",,,,,,"['0f367aaae4e0696f61cf5a67a75edd27d1d16db6', '1157c1ecea395aac7f64cd8a6f484b1225416dc7', '749f6aee1bfbcf191c3734ea0aa9eba3aa63240e', 'bd82be936c21b65dee367d558e3050b9b6995713']"
CVE-2023-52086,dilab_resumable.php,"3c6dbf5
3e3c94d
408f54d
d3552ef",{'3c6dbf5170b01cbb712013c7d0a83f5aac45653b': ['d3552efd403e2d87407934477eee642836cab3b4']},,,,,"['3c6dbf5170b01cbb712013c7d0a83f5aac45653b', '3e3c94d0302bb399a7611b4738a5a4dd0832a926', '408f54dff10e48befa44d417933787232a64304b']"
CVE-2023-5631,roundcube_roundcubemail,"41756cc
6ee6e7a",,{'6ee6e7ae301e165e2b2cb703edf75552e5376613': ['41756cc3331b495cc0b71886984474dc529dd31d']},,,,
CVE-2023-7256,the-tcpdump-group_libpcap,"262e4f3
2aa69b0",,{'262e4f34979872d822ccedf9f318ed89c4d31c03': ['2aa69b04d8173b18a0e3492e0c8f2f7fabdf642d']},,,,
CVE-2024-21536,chimurai_http-proxy-middleware,"0b4274e
788b21e",,"{""788b21e4aff38332d6319557d4a5b1b13b1f9a22"": [""0b4274e8cc9e9a2c5a06f35fbf456ccfcebc55a5""]}",,,,
CVE-2024-21622,craftcms_cms,"76caf9a
be81eb6",,,,,,"['76caf9af07d9964be0fd362772223be6a5f5b6aa', 'be81eb653d633833f2ab22510794abb6bb9c0843']"
CVE-2024-22211,FreeRDP_FreeRDP,"939e922
aeac304",,"{""939e922936e9c3ae8fc204968645e5e7563a2fff"": [""aeac3040cc99eeaff1e1171a822114c857b9dca9""]}",,,,
CVE-2024-23345,nautobot_nautobot,"17effcb
64312a4",,"{""17effcbe84a72150c82b138565c311bbee357e80"": [""64312a4297b5ca49b6cdedf477e41e8e4fd61cce""]}",,,,
CVE-2024-23638,squid-cache_squid,"290ae20
e8118a7",,,,,,"['290ae202883ac28a48867079c2fb34c40efd382b', 'e8118a7381213f5cfcdeb4cec1d2d854bfd261c8']"
CVE-2024-37151,OISF_suricata,"9d5c427
aab7f35",,{'9d5c4273cb7e5ca65f195f7361f0d848c85180e0': ['aab7f35c76721df19403a7c0c0025feae12f3b6b']},,,,
CVE-2024-37165,discourse_discourse,"26aef0c
311b737",,{'311b737c910cf0a69f61e1b8bc0b78374b6619d2': ['26aef0c288839378b9de5819e96eac8cf4ea60fd']},,,,
CVE-2024-37299,discourse_discourse,"188cb58
76f06f6",,{'188cb58daa833839c54c266ce22db150a3f3a210': ['76f06f6b1491db6bd09a4017d2c5591431b3b16e']},,,,
CVE-2024-37901,xwiki_xwiki-platform,"0b13576
742cd45
9ce3e03
bbde8a4",,"{""742cd4591642be4cdcaf68325f17540e0934e64e"": [""0b135760514fef73db748986a3311f3edd4a553b"", ""9ce3e0319869b6d8131fc4e0909736f7041566a4"", ""bbde8a4f564e3c28839440076334a9093e2b4834""]}",,,,
CVE-2024-38535,OISF_suricata,"62d5cac
c82fa5c",,"{""62d5cac1b8483d5f9d2b79833a4e59f5d80129b7"": [""c82fa5ca0d1ce0bd8f936e0b860707a6571373b2""]}",,,,
CVE-2024-39320,discourse_discourse,"188cb58
76f06f6",,"{""188cb58daa833839c54c266ce22db150a3f3a210"": [""76f06f6b1491db6bd09a4017d2c5591431b3b16e""]}",,,,
CVE-2024-39324,aimeos_ai-admin-graphql,"4eabc2b
687059d
a839a5a
acbb044",,"{""4eabc2b973509ffa5924e7f88c8f87ee96e93b38"": [""687059d7eb2e1d55a09ed72dad3814f35edad038""]}",,,"{""a839a5adf16fee4221d444b7d2f5140d8cabf0ac"": [""687059d7eb2e1d55a09ed72dad3814f35edad038""]}","[""a839a5adf16fee4221d444b7d2f5140d8cabf0ac"", ""acbb044620f4ff8e8d78a775cd205ec47cf119b3""] "
CVE-2024-41675,ckan_ckan,"9e89ce8
d7dfe8c",,{'9e89ce8220ab1445e0bd85a67994a51d9d3d2688': ['d7dfe8c427b1c63c75d788a609f3b7d7620a25a1']},,,,
CVE-2024-41809,openobserve_openobserve,"2334377
6458726",,,,,,"['2334377ebc8b74beb06ab3e5712dbdb1be1eff02', '64587261968217dfb8af4c4f6054d58bbc6d331d']"
CVE-2024-41942,jupyterhub_jupyterhub,"99e2720
ff2db55",,"{""ff2db557a85b6980f90c3158634bf924063ab8ba"": [""99e2720b0fc626cbeeca3c6337f917fdacfaa428""]}",,,,
CVE-2024-42482,fish-shop_syntax-check,"91e6817
c2cb113",{'c2cb11395e21119ff8d6e7ea050430ee7d6f49ca': ['91e6817c48ad475542fe4e78139029b036a53b03']},,,,,
CVE-2024-43782,openedx_openedx-translations,"3c40937
b244434",,"{""b2444340e8702c7955310331c1db5fd85b25b92b"": [""3c4093705dec99590577c4d8270ce263f7fffc5a""]}",,,,
CVE-2024-43800,expressjs_serve-static,"0c11fad
ce73089",,"{""0c11fad159898cdc69fd9ab63269b72468ecaf6b"": [""ce730896fddce1588111d9ef6fdf20896de5c6fa""]}",,,,
CVE-2024-45409,SAML-Toolkits_ruby-saml,"1ec5392
4865d03",{'4865d030cae9705ee5cdb12415c654c634093ae7': ['1ec5392bc506fe43a02dbb66b68741051c5ffeae']},,,,,
CVE-2024-45411,twigphp_Twig,"11f68e2
2102dd1
7afa198",,"{'11f68e2aeb526bfaf638e30d4420d8a710f3f7c6': ['2102dd135986db79192d26fb5f5817a566e0a7de', '7afa198603de49d147e90d18062e7b9addcf5233']}",,,,
CVE-2024-45591,xwiki_xwiki-platform,"26482ee
9cbca98","{""26482ee5d29fc21f31134d1ee13db48716e89e0f"": [""9cbca9808300797c67779bb9a665d85cf9e3d4b8""]}",,,,,

